SHPD_ShipmentMID,SHPH_ShipmentID,SHPH_ShipmentType,SHPH_Status,SHPH_ShipmentCode,ORDM_OrderNumber,SCPM_ID,SCPM_Code,SCPM_Name,LGCM_Name,LGCVM_VehicleNumber,SHPD_ProductName,SHPD_ProductCode,PL_ProductId,PM_PackSize,PM_GrossWeight,PM_MinOffset,PM_MaxOffset,SHPD_ShipQty,BatchId,Count,LCM_LocationName,Address,userId,userName,total,pass,fail,remaining,status,BypassMode,count_pass_correct,count_fail_weight,count_fail_no_read,count_fail_unknown_rsn,count_fail_missed_scan,count_pass_bypass_accepted,count_fail_bypass_rejected,count_fail_bypass_timeout,count_fail_duplicate_rsncount_fail_weight_under,count_fail_weight_over,count_fail_duplicate_rsn,_batch_ids,_batch_limits,_batch_used,UsedCount,count_fail_weight_under
15,6,New Order,10,WH_6,ORD_SO_SBG_9,1,MM,MAHESHWARI MARKETING,SpeedExpress,GJ38TA8387,A,A,18,,,,,2,28,2,MAHESHWARI MARKETING,"3H76+4WW, Shaherchand Bapuji Wadi, Bhimjipura, New Vadaj, Ahmedabad, Gujarat, India, 380013",2,WH,2,1,4,1,RUNNING,False,1,2,0,0,0,0,0,0,0,1,0,['28'],[2],[1],1,1.0
16,6,New Order,10,WH_6,ORD_SO_SBG_9,1,MM,MAHESHWARI MARKETING,SpeedExpress,GJ38TA8387,B,B,19,,,,,2,29,2,MAHESHWARI MARKETING,"3H76+4WW, Shaherchand Bapuji Wadi, Bhimjipura, New Vadaj, Ahmedabad, Gujarat, India, 380013",2,WH,2,0,1,2,RUNNING,False,0,1,0,0,0,0,0,0,0,0,0,['29'],[2],[0],0,
17,6,New Order,10,WH_6,ORD_SO_SBG_9,1,MM,MAHESHWARI MARKETING,SpeedExpress,GJ38TA8387,E,E,22,,,,,2,32,2,MAHESHWARI MARKETING,"3H76+4WW, Shaherchand Bapuji Wadi, Bhimjipura, New Vadaj, Ahmedabad, Gujarat, India, 380013",2,WH,2,0,0,2,RUNNING,False,0,0,0,0,0,0,0,0,0,0,0,['32'],[2],[0],0,
18,6,New Order,10,WH_6,ORD_SO_SBG_10,2,OM,OM MARKETING,SpeedExpress,GJ38TA8387,C,C,20,,,,,2,30,2,OM MARKETING,"Deepkala Avenue, opposite Government Tubewell, Bopal, Ahmedabad, Gujarat, India, 380058",2,WH,2,0,0,2,,False,0,0,0,0,0,0,0,0,0,0,0,['30'],[2],[0],0,
19,6,New Order,10,WH_6,ORD_SO_SBG_10,2,OM,OM MARKETING,SpeedExpress,GJ38TA8387,D,D,21,,,,,2,31,2,OM MARKETING,"Deepkala Avenue, opposite Government Tubewell, Bopal, Ahmedabad, Gujarat, India, 380058",2,WH,2,0,0,2,,False,0,0,0,0,0,0,0,0,0,0,0,['31'],[2],[0],0,
20,6,New Order,10,WH_6,ORD_SO_SBG_10,2,OM,OM MARKETING,SpeedExpress,GJ38TA8387,E,E,22,,,,,2,33,2,OM MARKETING,"Deepkala Avenue, opposite Government Tubewell, Bopal, Ahmedabad, Gujarat, India, 380058",2,WH,2,0,0,2,,False,0,0,0,0,0,0,0,0,0,0,0,['33'],[2],[0],0,
