SHPD_ShipmentMID,SHPH_ShipmentID,SHPH_ShipmentType,SHPH_Status,SHPH_ShipmentCode,ORDM_OrderNumber,SCPM_ID,SCPM_Code,SCPM_Name,LGCM_Name,LGCVM_VehicleNumber,SHPD_ProductName,SHPD_ProductCode,PL_ProductId,PM_PackSize,PM_GrossWeight,PM_MinOffset,PM_MaxOffset,SHPD_ShipQty,BatchId,Count,Address,userId,userName,total,pass,fail,remaining,status,BypassMode,count_pass_correct,count_fail_weight,count_fail_no_read,count_fail_unknown_rsn,count_fail_missed_scan,count_pass_bypass_accepted,count_fail_bypass_rejected,count_fail_bypass_timeout,count_fail_duplicate_rsn
18,8,New Order,10,WH_8,ORD_SO_SB_10,1,RM,Raghu Marketing,BlueDart,GJ11LP7845,NP0001,N01,15,,,,,2,"31,32","1,1","PHASE-I, MAIN ROAD MAYAPURI, Ahmedabad, Gujarat, India, 110064",2,WH,2,2,3,0,RUNNING,False,2,3,0,0,0,0,0,0,0
19,8,New Order,10,WH_8,ORD_SO_SB_10,1,RM,Raghu Marketing,BlueDart,GJ11LP7845,NP0002,N02,16,,,,,1,34,1,"PHASE-I, MAIN ROAD MAYAPURI, Ahmedabad, Gujarat, India, 110064",2,WH,1,1,0,0,,False,1,0,0,0,0,0,0,0,0
21,8,New Order,10,WH_8,ORD_SO_SB_9,2,JC,Jalaram Corporation,BlueDart,GJ11LP7845,NP0002,N02,16,,,,,1,34,1,"Nr.Chamak Chuna's Factory, National H.No.8, Thakkarbapanagar, Ahmedabad, Gujarat, India, 382350",2,WH,1,0,0,1,,False,0,0,0,0,0,0,0,0,1
20,8,New Order,10,WH_8,ORD_SO_SB_9,2,JC,Jalaram Corporation,BlueDart,GJ11LP7845,NP0001,N01,15,,,,,1,31,1,"Nr.Chamak Chuna's Factory, National H.No.8, Thakkarbapanagar, Ahmedabad, Gujarat, India, 382350",2,WH,1,1,1,0,,False,1,0,1,0,0,0,0,0,2
