SHPD_ShipmentMID,SHPH_ShipmentID,SHPH_ShipmentType,SHPH_Status,SHPH_ShipmentCode,ORDM_OrderNumber,SCPM_ID,SCPM_Code,SCPM_Name,LGCM_Name,LGCVM_VehicleNumber,SHPD_ProductName,SHPD_ProductCode,PL_ProductId,PM_PackSize,PM_GrossWeight,PM_MinOffset,PM_MaxOffset,SHPD_ShipQty,BatchId,Count,Address,userId,userName,total,pass,fail,remaining,status,BypassMode,count_pass_correct,count_fail_weight,count_fail_no_read,count_fail_unknown_rsn,count_fail_missed_scan,count_pass_bypass_accepted,count_fail_bypass_rejected,count_fail_bypass_timeout,count_fail_duplicate_rsn,_batch_ids,_batch_limits,_batch_used,UsedCount
31,10,New Order,2,WH_10,ORD_SO_SB_14,1,RM,Raghu Marketing,BlueDart,GJ11LP7845,DEMO 3,D3,32,,,,,2,60,2,"PHASE-I, MAIN ROAD MAYAPURI, Ahmedabad, Gujarat, India, 110064",2,WH,2,2,4,0,COMPLETED,False,2,3,1,0,0,0,0,0,3,['60'],[2],[1],1
32,10,New Order,2,WH_10,ORD_SO_SB_14,1,RM,Raghu Marketing,BlueDart,GJ11LP7845,DEMO 4,D4,33,,,,,2,61,2,"PHASE-I, MAIN ROAD MAYAPURI, Ahmedabad, Gujarat, India, 110064",2,WH,2,2,0,0,COMPLETED,False,2,0,0,0,0,0,0,0,0,['61'],[2],[1],1
33,10,New Order,2,WH_10,ORD_SO_SB_14,1,RM,Raghu Marketing,BlueDart,GJ11LP7845,DEMO 5,D5,34,,,,,1,62,1,"PHASE-I, MAIN ROAD MAYAPURI, Ahmedabad, Gujarat, India, 110064",2,WH,1,1,0,0,COMPLETED,False,1,0,0,0,0,0,0,0,0,['62'],[1],[0],0
29,10,New Order,2,WH_10,ORD_SO_SB_13,2,JC,Jalaram Corporation,BlueDart,GJ11LP7845,DEMO 2,D2,31,,,,,2,59,2,"Nr.Chamak Chuna's Factory, National H.No.8, Thakkarbapanagar, Ahmedabad, Gujarat, India, 382350",2,WH,2,2,3,0,,False,2,3,0,0,0,0,0,0,0,['59'],[2],[0],0
30,10,New Order,2,WH_10,ORD_SO_SB_13,2,JC,Jalaram Corporation,BlueDart,GJ11LP7845,DEMO 5,D5,34,,,,,1,62,1,"Nr.Chamak Chuna's Factory, National H.No.8, Thakkarbapanagar, Ahmedabad, Gujarat, India, 382350",2,WH,1,1,1,0,,False,1,1,0,0,0,0,0,0,0,['62'],[1],[0],0
28,10,New Order,2,WH_10,ORD_SO_SB_13,2,JC,Jalaram Corporation,BlueDart,GJ11LP7845,DEMO 1,D1,30,,,,,2,58,2,"Nr.Chamak Chuna's Factory, National H.No.8, Thakkarbapanagar, Ahmedabad, Gujarat, India, 382350",2,WH,2,2,2,0,,False,2,2,0,0,0,0,0,0,4,['58'],[2],[0],0
