IRS_ID,IRS_ProductID,PM_GrossWeight,PM_MaxOffset,PM_MinOffset,IRS_PackSize,IRS_BatchID,IRS_PhysicalLocation,IRS_CompanyID,IRS_RandomNo,IRS_ParentRandomNo,BL_ExpDate,IRS_ToSCP,isExpired
24,11,5.5,500,500,1,24,3,1,0101011JKWFKLY,,2026-02-02T13:00:00.000Z,,0
23,11,5.5,500,500,1,24,3,1,0101011DKVE2BU,,2026-02-02T13:00:00.000Z,,0
22,11,5.5,500,500,1,23,3,1,0101011NJUDQZB,,2026-02-01T13:00:00.000Z,,0
21,11,5.5,500,500,1,23,3,1,0101011E5ZAYGX,,2026-02-01T13:00:00.000Z,,0
20,11,5.5,500,500,1,23,3,1,0101011MYMHII9,,2026-02-01T13:00:00.000Z,,0
